question,response,model,prompt_type,elapsed_time,token_count,response_length,timestamp,model_name,correctness_score,reasoning_score,num_reasoning_steps,confidence_score,subject_score,bias_correction,result_type,consistency_score,efficiency_score,has_calculation_error,has_logic_error,complexity_score,subject_type,question_type,question_difficulty,question_tags,is_correct
"Tìm số tự nhiên có 3 chữ số, biết rằng tổng các chữ số là 10 và tích các chữ số là 70.","**1. Phân tích bài toán:**

Ta cần tìm một số tự nhiên có 3 chữ số, gọi số đó là $\overline{abc}$ (với a, b, c là các chữ số từ 0 đến 9 và a ≠ 0).  Bài toán cho hai điều kiện:

* Điều kiện 1: Tổng các chữ số là 10:  a + b + c = 10
* Điều kiện 2: Tích các chữ số là 70: a * b * c = 70

**2. Phân tích thừa số nguyên tố của 70:**

Để tìm các chữ số a, b, c thỏa mãn tích là 70, ta phân tích 70 thành thừa số nguyên tố:

70 = 2 * 5 * 7

**3. Xét các khả năng:**

Vì a, b, c là các chữ số, nên chúng phải là các số nguyên dương nhỏ hơn hoặc bằng 9.  Từ phân tích thừa số nguyên tố của 70, ta có các khả năng sau cho a, b, c (với thứ tự có thể thay đổi):

* Khả năng 1: a = 2, b = 5, c = 7.  Tổng: 2 + 5 + 7 = 14 (Không thỏa mãn điều kiện 1)
* Khả năng 2:  Các hoán vị của (2, 5, 7) đều không thỏa mãn điều kiện 1.

Tuy nhiên, chúng ta cần kiểm tra xem có trường hợp nào khác không. Vì tích là 70, ta cần tìm 3 số có tích là 70 và tổng là 10.  Thử các tổ hợp khác:  không có tổ hợp nào khác thỏa mãn cả hai điều kiện.

**4. Kiểm tra lại điều kiện:**

Chúng ta đã thử tất cả các tổ hợp có thể có của các thừa số 2, 5, và 7, nhưng không có tổ hợp nào thỏa mãn cả hai điều kiện a + b + c = 10 và a * b * c = 70.

**5. Kết luận:**

Không tồn tại số tự nhiên có 3 chữ số thỏa mãn cả hai điều kiện của bài toán.  Do đó, bài toán không có lời giải.",gemini,standard,4.072982549667358,40,343,20250331_145511,gemini,0.68,0,0,0.7666666666666667,0.0,0.05,partially_correct,0,0,False,False,0.2,arithmetic,Bài toán số học,Dễ,"số học,logic",False
"Tìm số tự nhiên có 3 chữ số, biết rằng tổng các chữ số là 10 và tích các chữ số là 70.","(cách giải thứ nhất - giải bằng lập luận)

Ta dễ dàng thấy số cần tìm có dạng abc với a ≠ 0 (vì đây là số tự nhiên có 3 chữ số).

Do a + b + c = 10 và a. b. c = 70 

Nên a, b, c là 3 ước của 70 và có tổng là 10.

Lại có 70 = 2. 5. 7 

Vì a + b + c = 10 và a ≠ 0 nên ta thấy ngay a, b, c là 3 chữ số trong các bộ (1, 2, 7), (1, 5, 4), (2, 5, 3).

Mà chỉ có 1. 4. 5 = 20 ≠ 70 

Nên từ a + b + c = 10 và a. b. c = 70 suy ra số cần tìm là 247 hoặc 472.

Vậy có hai số tự nhiên cần tìm là 247; 472. 

2. (Cách giải thứ 2 - giải bằng phân tích)

Do a + b + c = 10 và a. b. c = 70 

Nên a, b, c là 3 ước của 70 và có tổng là 10.

Lại có 70 = 2. 5. 7 

Vì a ≠ 0 (vì đây là số tự nhiên có 3 chữ số) 

Nên ta có các trường hợp sau đây:

TH1: a = 1 thì b + c = 9 (1) 

Mà b. c = 70 

Hay b, c là hai ước của 70 sao cho b. c = 70 

Vì b + c = 9 (1) 

Nên b, c là 2 chữ số trong các bộ (1, 70), (2, 35), (5, 14), (7, 10).

Lại có 7 + 10 = 17 ≠ 9 (1) 

Nên b = 7, c = 10 (loại vì c = 10 không phải là chữ số) 

Hay b = 10, c = 7 (loại vì b = 10 không phải là chữ số).

Do đó nếu a = 1 thì không có giải.

TH2: a = 2 thì b + c = 8",llama,standard,118.19826436042786,40,334,20250331_153823,llama,0.15000000000000002,0,0,0.9,1.0,0.05,incorrect,0,0,False,False,0.2,arithmetic,Bài toán số học,Dễ,"số học,logic",False
"Tìm số tự nhiên có 3 chữ số, biết rằng tổng các chữ số là 10 và tích các chữ số là 70.","451
Để giải bài toán này một cách chi tiết và có hệ thống, chúng ta hãy đi qua từng bước:

1. Đặt ẩn:
   Gọi số cần tìm là abc, trong đó a, b, c là các chữ số (a ≠ 0 vì là số có 3 chữ số).

2. Lập phương trình:
   Theo đề bài, ta có hai điều kiện:
   a + b + c = 10
   a × b × c = 70

3. Phân tích:
   - Vì a, b, c là các chữ số nên chúng nằm trong khoảng [0, 9].
   - Tích a × b × c = 70, nên 7 phải là một trong ba số này (vì 70 chia hết cho 7, nhưng không chia hết cho các số từ 8 đến 9).

4. Thử từng trường hợp:
   Trường hợp 1: Giả sử a = 7
   - Khi đó: 7 + b + c = 10 → b + c = 3
   - Và: 7 × b × c = 70 → b × c = 10
   - Không có hai số nguyên dương nào cộng lại bằng 3 mà nhân lại bằng 10. Loại.

   Trường hợp 2: Giả sử b = 7
   - Khi đó: a + 7 + c = 10 → a + c = 3
   - Và: a × 7 × c = 70 → a × c = 10
   - Các cặp số thỏa mãn a + c = 3 và a × c = 10 là (2, 5) và (5, 2).
   - Nhưng 2 + 5 = 7, không thỏa mãn a + c = 3. Loại.

   Trường hợp 3: Giả sử c = 7
   - Khi đó: a + b + 7 = 10 → a + b = 3
   - Và: a × b × 7 = 70 → a × b = 10
   - Các cặp số thỏa mãn a + b = 3 và a × b = 10 là (2, 5) và (5, 2).
   - Cặp (5, 2",qwen,standard,105.84390497207642,40,335,20250331_155028,qwen,0.78,0,0,0.6,1.0,0.05,partially_correct,0,0,False,False,0.2,arithmetic,Bài toán số học,Dễ,"số học,logic",True
